City_ID,City,Country,Lat,Lng,Max Temp,Humidity,Cloudiness,Wind Speed,Current Description
0,Busselton,AU,-33.65,115.33,73.0,30,0,6.91,clear sky
1,Cape Town,ZA,-33.93,18.42,62.01,100,90,8.05,overcast clouds
2,Kozhevnikovo,RU,56.26,83.97,30.0,87,100,9.86,overcast clouds
3,Panalingaan,PH,8.78,117.42,81.07,80,100,4.74,overcast clouds
4,Airai,TL,-8.93,125.41,81.05,48,14,3.09,few clouds
5,Saint George,US,37.1,-113.58,66.2,20,1,3.13,clear sky
6,Grado,ES,43.39,-6.07,59.0,58,20,10.29,few clouds
7,Umm Kaddadah,SD,13.6,26.69,80.42,16,2,17.43,clear sky
8,Butaritari,KI,3.07,172.79,82.18,71,7,10.83,clear sky
9,Barrow,US,71.29,-156.79,28.4,92,90,10.29,fog
10,Fortuna,US,40.6,-124.16,53.6,62,1,10.29,clear sky
11,Key West,US,24.56,-81.78,84.2,78,1,10.29,clear sky
12,Salalah,OM,17.02,54.09,69.8,32,0,3.36,clear sky
13,Nizip,TR,37.01,37.79,55.4,50,0,3.04,clear sky
14,San Quintin,MX,30.48,-115.95,65.14,80,68,7.05,broken clouds
15,Kapaa,US,22.08,-159.32,82.0,59,9,5.82,light rain
16,Port Blair,IN,11.67,92.75,84.02,74,30,8.43,scattered clouds
17,Port Lincoln,AU,-34.73,135.87,55.04,60,100,18.79,overcast clouds
18,Jamestown,US,42.1,-79.24,62.6,77,90,21.92,thunderstorm
19,Tezu,IN,27.92,96.17,69.94,87,100,3.27,overcast clouds
20,Bredasdorp,ZA,-34.53,20.04,64.4,93,87,4.7,overcast clouds
21,Chunoyar,RU,57.45,97.32,36.09,80,91,6.62,overcast clouds
22,Bluff,NZ,-46.6,168.33,71.01,50,100,14.0,overcast clouds
23,Ribeira Grande,PT,38.52,-28.7,66.72,81,42,20.47,scattered clouds
24,Carnarvon,AU,-24.87,113.63,77.0,57,0,19.46,clear sky
25,Yellowknife,CA,62.46,-114.35,23.0,73,20,5.82,few clouds
26,Qasigiannguit,GL,68.82,-51.19,21.2,57,93,8.05,overcast clouds
27,Inirida,CO,3.87,-67.92,74.86,91,100,2.91,overcast clouds
28,Ushuaia,AR,-54.8,-68.3,41.0,85,75,8.05,broken clouds
29,Dingle,PH,11.0,122.67,78.6,89,100,9.35,light rain
30,Lavrentiya,RU,65.58,-171.0,34.2,87,100,2.71,overcast clouds
31,Rosita,NI,13.93,-84.4,74.32,96,99,0.51,overcast clouds
32,Provideniya,RU,64.38,-173.3,33.57,90,100,12.08,overcast clouds
33,Rikitea,PF,-23.12,-134.97,73.96,83,100,16.04,overcast clouds
34,Mar Del Plata,AR,-38.0,-57.56,59.0,100,90,3.36,overcast clouds
35,Bengkulu,ID,-3.8,102.27,80.29,80,100,2.51,overcast clouds
36,Shajapur,IN,23.43,76.27,77.4,35,0,3.4,clear sky
37,Hobyo,SO,5.35,48.53,80.46,78,100,5.3,moderate rain
38,Alta Floresta,BR,-9.88,-56.09,71.47,97,100,4.56,light rain
39,Opuwo,NA,-18.06,13.84,64.96,55,96,2.71,overcast clouds
40,Lompoc,US,34.64,-120.46,62.6,77,1,3.36,clear sky
41,Sayyan,YE,15.17,44.32,47.68,46,28,3.74,scattered clouds
42,Sambava,MG,-14.27,50.17,71.89,78,0,9.91,clear sky
43,The Valley,AI,18.22,-63.06,84.2,79,20,10.29,few clouds
44,Papayal,PE,-4.08,-80.74,70.39,68,100,2.44,overcast clouds
45,Cidreira,BR,-30.18,-50.21,67.95,92,100,16.69,overcast clouds
46,Victoria,HK,22.29,114.16,75.99,42,100,1.99,overcast clouds
47,Kulhudhuffushi,MV,6.62,73.07,81.81,76,55,10.56,light rain
48,Puerto Ayora,EC,-0.74,-90.35,69.01,93,40,3.0,scattered clouds
49,Bonthe,SL,7.53,-12.51,78.24,84,62,4.21,light rain
50,Nikolskoye,RU,59.7,30.79,36.0,86,75,6.71,broken clouds
51,Kedrovyy,RU,56.17,91.82,28.4,86,0,4.47,clear sky
52,San Francisco,US,37.77,-122.42,61.0,82,20,16.11,few clouds
53,Derzhavinsk,KZ,51.1,66.32,27.19,89,0,9.42,clear sky
54,Krasnoselkup,RU,65.7,82.47,15.22,97,94,9.22,light snow
55,Souillac,MU,-20.52,57.52,73.4,69,40,10.29,scattered clouds
56,Dudinka,RU,69.41,86.18,-2.2,84,40,6.71,light snow
57,Hobart,AU,-42.88,147.33,55.4,66,75,12.75,broken clouds
58,Zyryanka,RU,65.75,150.85,27.19,94,0,6.64,clear sky
59,Qaanaaq,GL,77.48,-69.36,18.19,91,97,8.19,overcast clouds
60,Upernavik,GL,72.79,-56.15,21.27,90,100,6.31,overcast clouds
61,Yantal,RU,56.85,105.25,36.86,88,100,1.43,overcast clouds
62,Alice Springs,AU,-23.7,133.88,73.4,40,40,4.7,scattered clouds
63,Port Alfred,ZA,-33.59,26.89,69.62,84,97,16.11,overcast clouds
64,Castro,BR,-24.79,-50.01,60.93,95,100,8.23,light rain
65,Punta Arenas,CL,-53.15,-70.92,46.4,61,75,5.82,light rain
66,Namibe,AO,-15.2,12.15,69.3,83,85,7.07,overcast clouds
67,Gallup,US,35.53,-108.74,57.2,23,1,8.97,clear sky
68,Prince Rupert,CA,54.32,-130.32,33.8,64,1,4.7,clear sky
69,Tuatapere,NZ,-46.13,167.68,71.01,50,98,14.0,overcast clouds
70,Albany,US,42.6,-73.97,63.0,86,16,7.99,few clouds
71,Hilo,US,19.73,-155.09,84.2,66,1,14.99,clear sky
72,Atuona,PF,-9.8,-139.03,78.69,75,0,19.35,clear sky
73,Manuk Mangkaw,PH,4.8,119.85,83.91,70,100,5.06,heavy intensity rain
74,Viedma,AR,-40.81,-63.0,60.01,83,97,3.0,overcast clouds
75,Balkanabat,TM,39.51,54.37,50.65,64,0,3.42,clear sky
76,San Cristobal,VE,7.77,-72.22,66.51,84,90,1.36,light rain
77,Pochutla,MX,15.74,-96.47,81.0,84,85,3.2,light rain
78,Ketchikan,US,55.34,-131.65,42.8,47,1,6.93,clear sky
79,Pangody,RU,65.85,74.49,13.28,95,96,9.62,overcast clouds
80,Esso,RU,55.93,158.7,35.96,80,100,5.53,overcast clouds
81,Santa Maria,BR,-29.68,-53.81,65.73,94,76,2.26,broken clouds
82,Coquimbo,CL,-29.95,-71.34,53.6,87,26,4.7,scattered clouds
83,Chuy,UY,-33.7,-53.46,61.38,98,48,3.85,scattered clouds
84,Skierniewice,PL,51.95,20.16,55.0,99,100,11.39,light rain
85,Kindu,CD,-2.95,25.95,67.19,92,98,0.78,overcast clouds
86,Georgetown,MY,5.41,100.34,84.2,83,20,4.7,few clouds
87,Calabozo,VE,8.92,-67.43,75.97,92,51,3.98,broken clouds
88,Bundaberg,AU,-24.85,152.35,82.0,57,40,20.8,light rain
89,Lebu,CL,-37.62,-73.65,50.09,85,100,5.41,overcast clouds
90,Gordeyevka,RU,52.96,31.97,46.35,97,93,5.37,overcast clouds
91,Iqaluit,CA,63.75,-68.51,26.6,86,75,4.7,light snow
92,Leningradskiy,RU,69.38,178.42,22.91,91,8,5.1,clear sky
93,Mataura,NZ,-46.19,168.86,71.01,50,57,14.0,broken clouds
94,Yulara,AU,-25.24,130.99,69.8,43,40,8.05,scattered clouds
95,Khatanga,RU,71.97,102.5,14.04,97,100,12.21,light snow
96,Zermatt,CH,46.02,7.75,39.0,100,90,19.46,fog
97,Saint-Philippe,RE,-21.36,55.77,75.2,73,40,8.05,scattered clouds
98,Vao,NC,-22.67,167.48,73.81,86,6,16.11,clear sky
99,Longyearbyen,SJ,78.22,15.64,21.2,73,75,4.7,broken clouds
100,Vaini,TO,-21.2,-175.2,77.0,78,75,11.41,broken clouds
101,Mapiri,BO,-15.25,-68.17,69.04,82,55,1.36,broken clouds
102,Tuktoyaktuk,CA,69.45,-133.04,24.8,100,90,3.36,mist
103,Esperance,AU,-33.87,121.9,62.6,67,90,8.05,overcast clouds
104,Thompson,CA,55.74,-97.86,21.2,79,75,5.82,broken clouds
105,Cedartown,US,34.05,-85.25,70.0,86,17,4.0,few clouds
106,Shenjiamen,CN,29.96,122.3,62.1,59,88,11.1,overcast clouds
107,Bac Lieu,VN,9.29,105.72,81.46,77,87,1.74,heavy intensity rain
108,Chokurdakh,RU,70.63,147.92,10.85,93,97,7.0,overcast clouds
109,Talnakh,RU,69.49,88.4,-2.2,84,40,6.71,light snow
110,Liverpool,GB,53.41,-2.98,46.99,87,100,13.87,overcast clouds
111,Maniitsoq,GL,65.42,-52.9,26.78,84,0,4.63,clear sky
112,Grindavik,IS,63.84,-22.43,41.0,80,75,11.41,broken clouds
113,Tiksi,RU,71.69,128.87,18.59,91,24,28.63,few clouds
114,Mount Isa,AU,-20.73,139.5,86.0,51,75,9.17,broken clouds
115,Komsomolskiy,UZ,40.43,71.72,39.2,52,100,4.7,overcast clouds
116,Salvador,SV,13.83,-88.92,78.8,94,20,1.12,mist
117,Magistralnyy,RU,56.17,107.45,36.72,93,100,2.37,overcast clouds
118,Severo-Kurilsk,RU,50.68,156.12,43.41,87,100,38.21,heavy intensity rain
119,Gat,IL,31.61,34.76,69.01,88,20,3.36,few clouds
120,Port Macquarie,AU,-31.43,152.92,73.0,88,90,12.75,overcast clouds
121,Hithadhoo,MV,-0.6,73.08,83.05,75,28,10.2,scattered clouds
122,Kichera,RU,55.94,110.1,39.63,68,87,1.77,overcast clouds
123,Bathsheba,BB,13.22,-59.52,84.2,74,20,25.28,few clouds
124,Lorengau,PG,-2.02,147.27,85.8,60,52,6.11,broken clouds
125,Frolovo,RU,49.77,43.66,55.99,69,100,5.99,light rain
126,Waingapu,ID,-9.66,120.26,88.72,55,5,8.55,light rain
127,Ostrovnoy,RU,68.05,39.51,29.34,97,100,6.26,overcast clouds
128,Hermanus,ZA,-34.42,19.23,64.0,92,71,3.91,broken clouds
129,Luangwa,ZM,-15.62,30.42,72.36,47,88,3.53,overcast clouds
130,Gweta,BW,-20.18,25.23,73.24,38,1,7.99,clear sky
131,Pacifica,US,37.61,-122.49,59.0,93,75,5.68,mist
132,Sena Madureira,BR,-9.07,-68.66,74.86,85,74,3.11,broken clouds
133,Saskylakh,RU,71.92,114.08,16.77,96,100,11.01,light snow
134,Pastavy,BY,55.12,26.83,44.28,92,77,7.27,broken clouds
135,Bambanglipuro,ID,-7.95,110.28,85.84,65,37,10.18,scattered clouds
136,Teguldet,RU,57.31,88.17,31.75,94,93,8.25,overcast clouds
137,Fort Nelson,CA,58.81,-122.7,19.4,57,5,3.36,clear sky
138,Ponta Do Sol,PT,32.67,-17.1,66.2,68,40,4.7,scattered clouds
139,Nanortalik,GL,60.14,-45.24,34.16,89,97,0.43,overcast clouds
140,Yining,CN,29.04,114.56,65.34,45,92,4.38,overcast clouds
141,Bhuj,IN,23.27,69.67,79.38,46,0,4.21,clear sky
142,Vila Velha,BR,-20.33,-40.29,69.8,94,75,4.7,broken clouds
143,East London,ZA,-33.02,27.91,68.5,84,46,11.34,scattered clouds
144,Yashan,CN,22.2,109.94,74.57,50,100,10.31,overcast clouds
145,Mangrol,IN,21.12,70.12,82.17,47,0,5.1,clear sky
146,Aksarka,RU,66.56,67.8,17.6,95,91,8.1,overcast clouds
147,Cabo San Lucas,MX,22.89,-109.91,82.0,69,5,8.05,clear sky
148,Plettenberg Bay,ZA,-34.05,23.37,64.8,85,52,6.04,broken clouds
149,Henties Bay,NA,-22.12,14.28,60.01,88,6,7.18,clear sky
150,Teknaf,BD,20.86,92.31,82.45,85,100,8.81,heavy intensity rain
151,Haines Junction,CA,60.75,-137.51,21.83,82,100,2.04,overcast clouds
152,Pacific Grove,US,36.62,-121.92,62.6,77,1,3.36,clear sky
153,Bukachacha,RU,52.98,116.92,39.7,68,0,1.48,clear sky
154,Kaeo,NZ,-35.1,173.78,68.14,67,21,6.55,few clouds
155,Tuscaloosa,US,33.21,-87.57,71.6,88,1,3.69,clear sky
156,Ostersund,SE,63.18,14.64,28.4,100,90,5.82,overcast clouds
157,Luderitz,NA,-26.65,15.16,58.73,80,1,8.55,clear sky
158,Kenai,US,60.55,-151.26,39.99,64,90,12.75,overcast clouds
159,New Norfolk,AU,-42.78,147.06,55.4,66,75,12.75,broken clouds
160,Kozhva,RU,65.11,57.05,22.05,91,96,9.46,overcast clouds
161,Arraial Do Cabo,BR,-22.97,-42.03,73.4,78,40,17.22,scattered clouds
162,Port Moresby,PG,-9.44,147.18,80.6,83,40,17.22,heavy intensity rain
163,Solginskiy,RU,61.05,41.34,44.19,94,100,8.93,overcast clouds
164,Malkara,TR,40.89,26.9,59.43,73,0,0.54,clear sky
165,Athabasca,CA,54.72,-113.29,16.52,84,76,4.14,broken clouds
166,Sabha,LY,27.04,14.43,60.26,42,0,7.92,clear sky
167,Khingansk,RU,49.12,131.18,32.67,85,98,16.96,overcast clouds
168,Russell,US,32.35,-85.2,73.4,93,1,3.83,mist
169,Cap Malheureux,MU,-19.98,57.61,72.0,71,55,1.99,broken clouds
170,Hambantota,LK,6.12,81.12,82.4,83,20,9.17,few clouds
171,Kutum,SD,14.2,24.67,70.14,23,1,13.29,clear sky
172,Imeni Babushkina,RU,59.76,43.13,44.55,96,99,7.43,overcast clouds
173,Kruisfontein,ZA,-34.0,24.73,66.99,87,42,7.2,scattered clouds
174,Talavera De La Reina,ES,39.96,-4.83,46.99,93,0,1.99,clear sky
175,Lagoa,PT,39.05,-27.98,66.65,82,44,24.18,scattered clouds
176,Belaya Gora,RU,68.53,146.42,12.36,90,15,1.3,few clouds
177,Petatlan,MX,17.52,-101.27,78.3,85,98,2.28,overcast clouds
178,Ozerne,UA,50.18,28.73,52.77,85,100,4.14,overcast clouds
179,Bambous Virieux,MU,-20.34,57.76,73.4,69,40,10.29,scattered clouds
180,Bulaevo,KZ,54.91,70.44,23.09,90,0,8.72,clear sky
181,Dzhebariki-Khaya,RU,62.22,135.8,21.06,90,20,1.34,few clouds
182,Evensk,RU,61.95,159.23,34.03,88,49,2.57,scattered clouds
183,Punta De Piedra,VE,7.62,-71.49,74.59,87,90,2.28,overcast clouds
184,Khazar,RU,42.0,48.33,57.36,67,0,8.23,clear sky
185,Aars,DK,56.8,9.51,51.01,95,3,8.1,clear sky
186,Nouadhibou,MR,20.93,-17.03,75.15,65,93,17.43,overcast clouds
187,Tasiilaq,GL,65.61,-37.64,32.0,91,100,2.24,overcast clouds
188,Sao Filipe,CV,14.9,-24.5,80.13,78,85,9.55,overcast clouds
189,Vagur,FO,61.47,-6.81,48.43,75,100,22.75,overcast clouds
190,Bay Roberts,CA,47.6,-53.26,39.0,94,0,5.01,clear sky
191,Kristianstad,SE,56.03,14.15,50.0,93,86,10.54,light intensity drizzle
192,Faya,SA,18.39,42.45,55.4,28,0,4.9,clear sky
193,Garowe,SO,8.41,48.48,76.59,69,100,5.68,overcast clouds
194,Muzhi,RU,65.37,64.67,15.6,94,41,4.94,scattered clouds
195,Avarua,CK,-21.21,-159.78,75.2,83,63,11.41,light rain
196,Berlevag,NO,70.86,29.09,36.88,93,100,29.12,light rain
197,Geraldton,AU,-28.77,114.6,87.8,18,0,10.29,clear sky
198,Orlik,RU,52.52,99.83,33.84,75,100,1.25,overcast clouds
199,Hervey Bay,AU,-25.3,152.85,82.0,57,40,20.8,light rain
200,Qinhuangdao,CN,39.93,119.59,60.93,30,0,4.65,clear sky
201,Jasper,US,37.2,-94.35,43.0,70,90,13.87,overcast clouds
202,Hokitika,NZ,-42.72,170.97,60.46,57,0,4.47,clear sky
203,Porto Walter,BR,-8.27,-72.74,73.0,94,86,3.76,light rain
204,San-Pedro,CI,4.75,-6.64,75.49,93,100,3.0,light rain
205,Imbituba,BR,-28.24,-48.67,71.6,88,20,6.93,few clouds
206,Yinchuan,CN,38.47,106.27,57.33,37,82,4.7,broken clouds
207,Srednekolymsk,RU,67.45,153.68,22.69,92,0,3.0,clear sky
208,Okhotsk,RU,59.38,143.3,41.67,91,100,17.81,light rain
209,Klaksvik,FO,62.23,-6.59,44.6,93,100,14.99,overcast clouds
210,Balkhash,KZ,46.84,74.98,33.69,78,0,8.72,clear sky
211,Northam,GB,51.03,-4.22,53.01,90,100,11.99,overcast clouds
212,Vardo,NO,70.37,31.11,37.09,96,100,28.25,overcast clouds
213,Belmonte,BR,-15.86,-38.88,71.6,94,90,2.24,overcast clouds
214,Macamic,CA,48.75,-79.0,32.0,99,90,9.17,overcast clouds
215,Omsukchan,RU,62.53,155.8,33.67,88,0,3.44,clear sky
216,Zelenets,RU,61.88,50.75,26.6,92,90,8.95,snow
217,Abonnema,NG,4.71,6.79,77.0,94,40,3.09,scattered clouds
218,Ferme-Neuve,CA,46.7,-75.45,62.28,88,95,14.92,light rain
219,Mahebourg,MU,-20.41,57.7,73.4,69,40,10.29,scattered clouds
220,Dikson,RU,73.51,80.55,23.16,91,100,10.67,overcast clouds
221,Flagstaff,US,35.2,-111.65,57.2,47,1,8.05,clear sky
222,Greymouth,NZ,-42.47,171.2,62.22,49,0,3.71,clear sky
223,Atambua,ID,-9.11,124.89,90.09,48,36,3.67,scattered clouds
224,Sorland,NO,67.67,12.69,43.48,70,42,16.02,scattered clouds
225,Acapulco,MX,16.86,-99.89,84.2,79,40,8.05,scattered clouds
226,Tiznit,MA,29.58,-9.5,62.06,64,100,1.28,overcast clouds
227,Sur,OM,22.57,59.53,79.43,58,0,14.32,clear sky
228,Beyneu,KZ,45.32,55.2,41.79,67,72,11.16,broken clouds
229,Dryden,CA,49.78,-92.75,26.6,86,90,6.93,overcast clouds
230,Vung Tau,VN,10.35,107.08,81.18,79,90,5.7,overcast clouds
231,Tocopilla,CL,-22.09,-70.2,61.74,65,15,5.32,few clouds
232,Puerto Escondido,MX,15.85,-97.07,82.4,69,75,4.7,broken clouds
233,Udaipura,IN,23.08,78.5,77.49,53,0,4.05,clear sky
234,Waipawa,NZ,-41.41,175.52,66.0,72,0,20.8,clear sky
235,Mahibadhoo,MV,3.78,72.97,81.59,80,82,10.49,broken clouds
236,Marau,BR,-28.45,-52.2,65.32,82,100,4.63,overcast clouds
237,Dongli,CN,23.57,116.82,71.6,46,0,4.47,clear sky
238,Beloha,MG,-25.17,45.05,69.78,76,100,10.25,overcast clouds
239,Bethel,US,41.37,-73.41,60.01,97,97,4.88,overcast clouds
240,Charters Towers,AU,-20.1,146.27,84.97,46,79,16.87,broken clouds
241,Amberley,US,39.2,-84.43,62.01,87,90,19.46,overcast clouds
242,Parfenyevo,RU,58.48,43.41,45.77,93,99,8.79,overcast clouds
243,Torbay,CA,47.67,-52.73,39.0,86,75,2.24,broken clouds
244,Saint Anthony,US,45.02,-93.22,33.8,97,90,12.75,overcast clouds
245,Narasannapeta,IN,18.42,84.05,81.05,70,47,4.63,scattered clouds
246,Saldanha,ZA,-33.01,17.94,59.0,87,19,4.7,few clouds
247,Cockburn Town,TC,21.46,-71.14,82.96,79,100,16.24,overcast clouds
248,Sirawai,PH,7.59,122.14,84.54,69,96,4.68,moderate rain
249,Totskoye,RU,52.52,52.76,46.31,94,100,12.41,light rain
250,Codrington,AU,-38.27,141.97,53.6,65,55,17.45,broken clouds
251,Segovia,ES,41.17,-4.0,43.0,88,2,5.64,clear sky
252,Ariquemes,BR,-9.91,-63.04,73.72,81,100,1.05,light rain
253,Port Elizabeth,ZA,-33.92,25.57,68.0,94,90,17.22,mist
254,La Ronge,CA,55.1,-105.28,23.0,67,90,9.17,light shower snow
255,Naze,JP,28.37,129.48,73.4,53,75,11.41,broken clouds
256,Latung,PH,5.5,120.88,83.12,70,97,5.59,light rain
257,Kavieng,PG,-2.57,150.8,84.81,62,61,3.38,broken clouds
258,Bonavista,CA,48.65,-53.11,37.99,89,6,1.99,clear sky
259,Jalu,LY,29.03,21.55,61.97,87,0,9.46,clear sky
260,Taguatinga,BR,-12.39,-46.57,76.53,70,85,4.68,light rain
261,Richards Bay,ZA,-28.78,32.04,66.69,88,71,10.56,broken clouds
262,Quatre Cocos,MU,-20.21,57.76,73.4,69,40,10.29,scattered clouds
263,Poronaysk,RU,49.22,143.12,47.55,67,100,19.6,overcast clouds
264,Zarcero,CR,10.19,-84.39,69.8,100,75,3.36,moderate rain
265,Hasaki,JP,35.73,140.83,68.0,68,75,4.7,broken clouds
266,Turukhansk,RU,65.82,87.98,8.64,95,98,10.8,overcast clouds
267,Ancud,CL,-41.87,-73.82,51.01,93,90,8.05,overcast clouds
268,Gabu,GW,12.28,-14.22,74.28,87,32,4.09,scattered clouds
269,Vestmanna,FO,62.16,-7.17,44.6,93,100,14.99,overcast clouds
270,Hualmay,PE,-11.1,-77.61,61.92,84,91,2.89,overcast clouds
271,Nortelandia,BR,-14.45,-56.8,74.71,86,100,5.06,moderate rain
272,Urdoma,RU,61.75,48.54,33.39,95,100,7.45,snow
273,Khani,GE,41.96,42.96,48.2,81,0,1.12,clear sky
274,Sorkjosen,NO,69.8,20.93,37.72,82,100,17.52,light rain
275,Mercedes,AR,-34.65,-59.43,66.0,95,52,1.99,broken clouds
276,Saint-Augustin,CA,51.23,-58.65,34.79,82,82,2.15,broken clouds
277,Kraljevo,RS,43.73,20.69,42.8,100,90,1.12,fog
278,Wellington,NZ,-41.29,174.78,66.0,72,27,20.8,scattered clouds
279,Aksha,RU,50.28,113.29,41.79,61,0,2.66,clear sky
280,Cherskiy,RU,68.75,161.3,20.25,94,5,5.39,clear sky
281,Fairbanks,US,64.84,-147.72,27.0,92,1,3.36,clear sky
282,Liwale,TZ,-9.77,37.93,68.94,92,16,2.98,few clouds
283,Ilulissat,GL,69.22,-51.1,21.2,57,95,8.05,overcast clouds
284,Mogadishu,SO,2.04,45.34,80.01,84,63,17.09,broken clouds
285,Kuhdasht,IR,33.53,47.61,47.12,54,25,3.6,scattered clouds
286,Clyde River,CA,70.47,-68.59,21.2,85,90,8.05,overcast clouds
287,Qaqortoq,GL,60.72,-46.03,28.4,68,95,3.36,overcast clouds
288,Juneau,US,58.3,-134.42,35.6,34,75,4.7,broken clouds
289,Cayenne,GF,4.93,-52.33,77.0,100,0,8.39,clear sky
290,Aklavik,CA,68.22,-135.01,23.0,92,5,4.7,clear sky
291,Kagoro,NG,9.6,8.38,67.14,85,100,1.9,overcast clouds
292,Sibu,MY,2.3,111.82,84.2,74,20,4.7,few clouds
293,Quthing,LS,-30.4,27.7,64.29,57,99,4.79,overcast clouds
294,Sabang,ID,5.89,95.32,83.05,73,96,10.2,light rain
295,Limbang,MY,4.75,115.0,82.4,78,75,5.82,broken clouds
296,Seoul,KR,37.57,126.98,51.8,27,1,4.7,clear sky
297,Isangel,VU,-19.55,169.27,82.4,74,90,5.82,overcast clouds
298,Mitchell,US,43.71,-98.03,21.2,79,1,4.7,clear sky
299,Te Anau,NZ,-45.42,167.72,58.86,64,100,9.95,overcast clouds
300,Misratah,LY,32.38,15.09,66.76,65,0,6.58,clear sky
301,Saint-Pierre,RE,-21.34,55.48,73.4,73,40,8.05,scattered clouds
302,Praya,CV,14.92,-23.51,78.8,78,40,17.22,scattered clouds
303,Havre-Saint-Pierre,CA,50.23,-63.6,37.4,86,90,8.05,light rain
304,Kaka,TM,37.35,59.61,49.46,50,0,2.75,clear sky
305,Biloela,AU,-24.42,150.5,79.36,56,100,9.51,light rain
306,Bandarbeyla,SO,9.49,50.81,76.8,71,97,1.48,overcast clouds
307,Vila Franca Do Campo,PT,37.72,-25.43,66.2,77,40,18.34,scattered clouds
308,Tautira,PF,-17.73,-149.15,82.4,69,75,10.29,broken clouds
309,Krasnogvardeyets,RU,52.68,52.36,47.07,95,100,13.62,light rain
310,Katunino,RU,64.39,40.63,32.0,99,90,2.24,light shower snow
311,Zarubino,RU,42.63,131.09,46.42,53,7,27.29,clear sky
312,Hongjiang,CN,27.11,110.0,70.61,52,76,2.53,broken clouds
313,Natchitoches,US,31.77,-93.13,69.8,94,90,12.75,overcast clouds
314,Knysna,ZA,-34.04,23.05,64.4,100,65,2.24,broken clouds
315,Constantine,DZ,36.37,6.61,57.2,82,40,4.7,scattered clouds
316,Husavik,IS,66.04,-17.34,41.0,80,90,4.7,overcast clouds
317,Iquique,CL,-20.22,-70.14,64.4,68,90,9.17,overcast clouds
318,Porosozero,RU,62.72,32.73,27.81,98,9,8.23,clear sky
319,Mayuge,UG,0.46,33.48,62.29,94,40,4.12,scattered clouds
320,Kodiak,US,57.79,-152.41,46.4,93,90,17.22,mist
321,Panzhihua,CN,26.59,101.71,63.57,61,92,1.92,overcast clouds
322,Pevek,RU,69.7,170.31,26.35,92,18,4.54,few clouds
323,Abalak,RU,58.13,68.59,22.17,94,0,4.79,clear sky
324,Letlhakane,BW,-21.42,25.58,72.03,41,3,7.45,clear sky
325,Sao Goncalo Do Amarante,BR,-3.61,-38.97,80.01,77,57,27.0,broken clouds
326,Walvis Bay,NA,-22.96,14.51,60.01,87,2,3.36,clear sky
327,Bridlington,GB,54.08,-0.19,44.6,87,57,11.41,broken clouds
328,Azul,AR,-36.78,-59.86,56.59,97,13,6.51,few clouds
329,Stornoway,GB,58.21,-6.39,48.2,81,100,39.15,heavy intensity rain
330,Abu Dhabi,AE,24.47,54.37,75.2,78,0,3.36,clear sky
331,Thanh Hoa,VN,19.8,105.77,76.3,54,100,5.73,overcast clouds
332,Sola,VU,-13.88,167.55,80.06,81,85,18.75,light rain
333,Bukama,CD,-9.2,25.85,71.13,84,45,2.01,scattered clouds
334,Sao Joao Da Barra,BR,-21.64,-41.05,72.79,80,84,13.27,broken clouds
335,Lisieux,FR,49.17,0.17,55.4,100,90,9.17,mist
336,Burgeo,CA,47.62,-57.62,43.03,70,19,5.73,few clouds
337,Kaitangata,NZ,-46.28,169.85,68.0,54,2,3.0,clear sky
338,Reconquista,AR,-29.15,-59.65,68.31,94,86,8.66,overcast clouds
339,Antofagasta,CL,-23.65,-70.4,57.2,82,90,12.75,overcast clouds
340,Nome,US,64.5,-165.41,33.8,86,90,12.75,overcast clouds
341,Wageningen,NL,51.97,5.67,54.0,93,90,11.41,overcast clouds
342,Bagan,RU,54.1,77.66,27.19,93,96,14.74,overcast clouds
343,Havoysund,NO,71.0,24.66,35.6,93,75,33.33,broken clouds
344,Lata,PT,40.16,-8.33,54.0,89,30,1.01,scattered clouds
345,Pangnirtung,CA,66.15,-65.71,26.73,94,100,3.36,light snow
346,Sinnamary,GF,5.38,-52.95,79.81,86,37,9.26,scattered clouds
347,Pingliang,CN,35.54,106.69,53.67,53,23,14.03,few clouds
348,Ponta Delgada,PT,37.73,-25.67,66.2,77,40,18.34,scattered clouds
349,Broken Hill,AU,-31.95,141.43,57.2,76,90,24.16,overcast clouds
350,San Patricio,US,28.02,-97.52,78.8,100,40,6.93,scattered clouds
351,Ternate,ID,0.8,127.4,84.76,72,27,6.11,light rain
352,Saint-Georges,GD,12.06,-61.75,80.6,83,40,28.86,scattered clouds
353,Faanui,PF,-16.48,-151.75,79.39,68,99,5.59,overcast clouds
354,Port Augusta,AU,-32.5,137.77,62.6,67,75,24.16,broken clouds
355,Kapit,MY,2.02,112.93,79.7,74,100,1.74,overcast clouds
356,Marawi,PH,8.0,124.29,78.01,90,75,8.01,broken clouds
357,Yumaguzino,RU,52.9,56.39,38.64,94,100,12.57,overcast clouds
358,Caravelas,BR,-17.71,-39.25,72.27,92,51,6.17,broken clouds
359,Loudeac,FR,48.18,-2.75,52.0,96,100,5.01,overcast clouds
360,Burns Lake,CA,54.23,-125.75,14.61,89,0,3.69,clear sky
361,Kudahuvadhoo,MV,2.67,72.89,82.51,77,41,12.1,scattered clouds
362,Nuuk,GL,64.18,-51.72,30.2,74,53,6.93,broken clouds
363,Cap-Aux-Meules,CA,47.38,-61.86,46.4,70,90,17.22,overcast clouds
364,Kieta,PG,-6.22,155.63,84.04,70,99,2.93,light rain
365,Sitio Novo Do Tocantins,BR,-5.52,-47.46,78.3,70,95,0.94,overcast clouds
366,Narsaq,GL,60.92,-46.05,28.4,68,94,3.36,overcast clouds
367,Mugur-Aksy,RU,50.35,90.5,30.29,87,100,2.71,light snow
368,Kaele,CM,10.11,14.45,75.18,50,20,3.18,few clouds
369,Touros,BR,-5.2,-35.46,77.0,94,75,4.7,broken clouds
370,Verkhnevilyuysk,RU,63.45,120.32,26.92,91,52,7.45,broken clouds
371,Norman Wells,CA,65.28,-126.83,26.6,100,40,4.7,scattered clouds
372,Phirangipuram,IN,16.3,80.27,78.8,83,20,2.24,mist
373,Khash,IR,28.22,61.22,50.43,41,0,6.35,clear sky
374,Taltal,CL,-25.4,-70.48,57.38,72,18,1.34,few clouds
375,Kupang,ID,-10.17,123.58,93.2,56,20,8.05,few clouds
376,Minsk,BY,53.9,27.57,46.4,100,90,2.24,fog
377,Regente Feijo,BR,-22.22,-51.3,71.78,85,100,11.16,overcast clouds
378,Labuhan,ID,-6.88,112.21,87.28,61,5,2.04,clear sky
379,Bud,US,39.45,-86.18,46.99,100,90,5.82,overcast clouds
380,Kununurra,AU,-15.77,128.73,96.8,41,33,5.82,scattered clouds
381,Bowen,AU,-20.02,148.23,84.2,54,40,4.7,light rain
382,Porto Novo,BJ,6.5,2.6,80.6,88,40,8.05,scattered clouds
383,Taoudenni,ML,22.68,-3.98,84.18,14,57,8.01,broken clouds
384,Adrar,MR,20.5,-10.07,84.76,15,71,8.99,broken clouds
385,Nyandoma,RU,61.67,40.2,37.72,100,100,4.54,moderate rain
386,Coihaique,CL,-45.58,-72.07,48.2,87,100,4.7,light rain
387,Williamsport,US,41.24,-77.0,68.0,68,20,16.11,few clouds
388,Baltasi,RU,56.35,50.21,44.06,96,100,10.36,light rain
389,Popondetta,PG,-8.75,148.25,83.89,78,98,2.44,overcast clouds
390,Le Port,RE,-20.94,55.29,75.2,64,90,11.41,overcast clouds
391,Sungaipenuh,ID,-2.08,101.38,77.56,63,100,2.59,heavy intensity rain
392,Hamilton,US,39.18,-84.53,62.6,88,90,23.04,overcast clouds
393,Muriwai Beach,NZ,-36.82,174.45,69.01,77,51,3.0,broken clouds
394,Aktash,RU,50.3,87.73,24.51,94,100,2.66,light snow
395,Meadow Lake,US,34.8,-106.54,57.2,28,20,20.8,few clouds
396,Elliot,ZA,-31.33,27.85,63.48,57,92,9.78,overcast clouds
397,Lethem,GY,3.38,-59.8,81.93,58,0,9.04,clear sky
398,Mutsu,JP,41.29,141.22,55.99,43,40,27.51,scattered clouds
399,Portland,US,45.52,-122.68,55.99,66,90,3.36,overcast clouds
400,Linxia,CN,35.6,103.21,56.68,53,60,4.23,broken clouds
401,Andijon,UZ,40.78,72.34,41.0,86,99,4.47,overcast clouds
402,Lahij,YE,13.17,44.58,73.56,61,5,2.13,clear sky
403,Banda Aceh,ID,5.56,95.32,86.59,61,70,8.25,light rain
404,Beringovskiy,RU,63.05,179.32,33.75,90,100,21.9,overcast clouds
405,Yadgir,IN,16.77,77.13,79.23,73,22,4.81,few clouds
406,Placer,US,39.07,-120.77,55.0,47,0,5.82,clear sky
407,Dongsheng,CN,39.82,109.98,49.84,43,33,13.98,scattered clouds
408,Santarem,BR,-2.44,-54.71,84.2,74,0,6.93,clear sky
409,Robertsport,LR,6.75,-11.37,78.64,81,88,2.21,light rain
410,Flinders,AU,-34.58,150.86,77.0,68,100,4.0,light rain
411,Guerrero Negro,MX,27.98,-114.06,66.92,82,0,12.01,clear sky
412,Siniscola,IT,40.57,9.69,66.2,82,100,9.17,light rain
413,Rio Grande,BR,-32.03,-52.1,64.0,96,100,7.94,overcast clouds
414,Daru,PG,-9.08,143.21,84.34,70,55,10.47,light rain
415,Mezcala,MX,20.93,-102.75,63.79,62,11,1.39,few clouds
416,Gravdal,NO,68.12,13.5,41.61,72,42,15.1,scattered clouds
417,Almaznyy,RU,48.04,40.05,57.2,93,40,8.95,scattered clouds
418,Anadyr,RU,64.75,177.48,26.6,100,90,2.24,fog
419,Vilyuysk,RU,63.76,121.62,25.93,94,93,7.67,overcast clouds
420,Kamaishi,JP,39.27,141.88,53.6,62,75,3.36,broken clouds
421,Marsh Harbour,BS,26.54,-77.06,79.3,77,3,15.05,clear sky
422,Sarai Naurang,PK,32.83,70.78,75.97,18,0,3.78,clear sky
423,Lisakovsk,KZ,52.54,62.49,29.89,97,100,15.26,overcast clouds
424,Otane,NZ,-39.88,176.63,67.82,77,31,4.85,scattered clouds
425,Lasa,IT,46.62,10.7,52.0,100,90,2.77,mist
426,Mokhsogollokh,RU,61.47,128.92,23.02,95,91,3.27,overcast clouds
427,Linhares,BR,-19.39,-40.07,70.47,93,98,4.88,light rain
428,Karatuzskoye,RU,53.61,92.87,38.03,93,100,0.43,light rain
429,Santa Isabel Do Rio Negro,BR,-0.41,-65.02,74.12,95,99,2.57,light rain
430,Ankazoabo,MG,-22.28,44.52,70.38,59,0,3.71,clear sky
431,Fukue,JP,32.69,128.84,60.8,59,75,13.87,broken clouds
432,Loandjili,CG,-4.76,11.86,76.24,86,100,8.57,light rain
433,Mezen,RU,65.85,44.24,26.2,98,99,8.32,overcast clouds
434,Mamontovo,RU,52.71,81.62,31.66,86,100,13.22,overcast clouds
435,Olga,RU,43.74,135.29,40.95,63,100,13.98,overcast clouds
436,Ambilobe,MG,-13.2,49.05,70.66,69,0,5.03,clear sky
437,Tanete,ID,-3.94,119.78,94.91,45,3,5.88,clear sky
438,Deputatskiy,RU,69.3,139.9,13.57,92,100,4.41,overcast clouds
439,Esmeraldas,BR,-19.76,-44.31,66.2,77,75,10.29,broken clouds
440,Payson,US,40.04,-111.73,39.99,47,1,4.7,clear sky
441,Kasongo-Lunda,CD,-6.47,16.82,69.89,93,100,0.34,light rain
442,Tucuman,AR,-26.82,-65.22,75.2,73,90,4.7,overcast clouds
443,Rosarito,MX,32.33,-117.03,66.0,77,75,10.29,broken clouds
444,Murray Bridge,AU,-35.12,139.27,55.0,87,66,5.01,broken clouds
445,Zalantun,CN,48.0,122.72,46.49,51,0,17.96,clear sky
446,San Jose De Guanipa,VE,8.89,-64.17,76.32,82,46,12.3,very heavy rain
447,Vieux-Habitants,GP,16.06,-61.77,82.4,74,40,11.41,scattered clouds
448,Ullapool,GB,57.9,-5.16,45.0,70,100,14.0,moderate rain
449,Padang,ID,-0.95,100.35,85.19,62,100,1.77,overcast clouds
450,Hami,CN,42.8,93.45,58.41,29,4,10.29,clear sky
451,Sept-Iles,CA,50.2,-66.38,36.0,100,90,16.11,mist
452,Rio Hondo,GT,15.07,-89.58,72.03,90,100,1.63,light rain
453,Zhoucun,CN,36.82,117.82,66.0,23,0,3.09,clear sky
454,Alofi,NU,-19.06,-169.92,80.6,74,75,19.46,broken clouds
455,Toila,EE,59.42,27.5,40.17,72,34,9.93,scattered clouds
456,Mao,ES,39.89,4.27,66.2,72,0,6.93,clear sky
457,Skelleftea,SE,64.75,20.95,30.2,80,0,11.41,clear sky
458,Poso,ID,-1.4,120.75,88.95,55,22,5.55,few clouds
459,Bremerton,US,47.57,-122.63,46.99,100,90,6.93,overcast clouds
460,Warwick,US,41.7,-71.42,57.99,93,20,1.3,few clouds
461,Podor,MR,16.65,-14.96,89.51,15,0,10.8,clear sky
462,Townsville,AU,-19.25,146.8,88.0,51,76,12.75,broken clouds
463,Nigde,TR,37.83,34.75,48.81,45,29,2.86,scattered clouds
464,Kailua,US,21.4,-157.74,82.4,83,75,6.93,broken clouds
465,Takoradi,GH,4.88,-1.76,76.64,90,55,5.41,broken clouds
466,Muli,MV,2.92,73.57,82.06,79,35,9.69,scattered clouds
467,Porto Santo,PT,33.07,-16.34,66.2,68,20,3.36,few clouds
468,Shingu,JP,33.73,135.98,66.2,55,75,19.46,broken clouds
469,Lashio,MM,22.93,97.75,75.51,65,100,1.41,overcast clouds
470,Dimapur,IN,25.9,93.73,71.6,95,100,7.05,moderate rain
471,Skibbereen,IE,51.55,-9.27,53.6,93,75,32.21,moderate rain
472,Mayo,US,38.89,-76.51,66.2,100,1,5.82,clear sky
473,Shagonar,RU,51.53,92.8,40.53,69,100,3.58,light rain
474,Los Llanos De Aridane,ES,28.66,-17.92,68.0,68,75,9.17,broken clouds
475,Puerto Baquerizo Moreno,EC,-0.9,-89.6,69.28,88,8,9.93,clear sky
476,Nizhniy Tsasuchey,RU,50.52,115.13,40.41,68,0,2.28,clear sky
477,Ahipara,NZ,-35.17,173.17,68.77,69,15,6.51,few clouds
478,Viesca,MX,25.35,-102.8,82.4,28,5,11.79,clear sky
479,Tchibanga,GA,-2.85,11.03,72.23,96,100,2.71,overcast clouds
480,Deniliquin,AU,-35.53,144.97,59.02,79,96,17.56,overcast clouds
481,Huarmey,PE,-10.07,-78.15,62.92,81,98,3.49,overcast clouds
482,San Vicente,AR,-26.62,-54.13,65.98,88,7,3.51,clear sky
483,Haimen,CN,23.19,116.61,71.6,46,0,4.47,clear sky
484,Beaufort,MY,5.35,115.75,82.4,83,20,2.24,moderate rain
485,Vila,PT,42.03,-8.16,52.0,90,97,11.01,overcast clouds
486,Kabinda,CD,-6.13,24.48,68.47,91,99,1.9,overcast clouds
487,Olpad,IN,21.33,72.75,75.2,78,20,5.21,haze
488,Astoria,US,46.19,-123.83,57.0,100,90,9.17,overcast clouds
489,Nantucket,US,41.28,-70.1,57.99,88,90,4.7,overcast clouds
490,Klyuchi,RU,52.27,79.17,30.27,92,94,14.41,overcast clouds
491,Rocky Mount,US,35.94,-77.79,62.6,93,1,4.59,clear sky
492,Kokopo,PG,-4.35,152.26,84.29,69,19,7.74,light rain
493,Denpasar,ID,-8.65,115.22,87.8,74,40,10.29,scattered clouds
494,Xuzhou,CN,34.18,117.16,61.93,31,0,5.95,clear sky
495,Maltahohe,NA,-24.83,16.98,70.68,26,100,10.54,overcast clouds
496,Zhigansk,RU,66.77,123.37,16.81,94,0,15.68,clear sky
497,Srandakan,ID,-7.94,110.25,85.75,66,39,9.93,scattered clouds
498,Diebougou,BF,10.97,-3.25,74.43,49,51,2.59,broken clouds
499,Comodoro Rivadavia,AR,-45.87,-67.5,57.2,62,0,9.01,clear sky
500,Vostok,RU,46.49,135.88,27.97,100,100,13.29,light snow
501,Povenets,RU,62.85,34.83,30.76,96,0,10.47,clear sky
502,Dovolnoye,RU,54.5,79.67,29.97,90,100,12.26,overcast clouds
503,Kabanjahe,ID,3.1,98.49,80.6,94,40,2.24,haze
504,Coari,BR,-4.08,-63.14,74.53,96,97,2.1,moderate rain
505,Thunder Bay,CA,48.4,-89.32,28.0,79,75,3.36,broken clouds
506,Naerbo,NO,58.67,5.65,45.0,99,78,8.01,broken clouds
507,Shache,CN,38.42,77.24,53.29,36,16,12.91,few clouds
508,Potiskum,NG,11.71,11.07,77.11,21,85,7.99,overcast clouds
509,Tarko-Sale,RU,64.92,77.78,14.79,97,96,8.5,overcast clouds
510,Nabire,ID,-3.37,135.48,82.04,73,85,5.68,overcast clouds
511,Kathu,TH,7.92,98.33,82.99,83,75,5.82,broken clouds
512,Kolpashevo,RU,58.31,82.91,30.2,97,100,8.68,overcast clouds
513,Tucumcari,US,35.17,-103.72,39.2,55,1,6.93,clear sky
514,Meulaboh,ID,4.14,96.13,85.84,64,50,0.67,light rain
515,Sangar,RU,63.92,127.47,18.77,96,100,14.25,light snow
516,Umtata,ZA,-31.59,28.78,71.6,43,88,3.36,overcast clouds
517,Coahuayana,MX,18.73,-103.68,80.65,87,76,1.72,light rain
518,Broome,US,42.25,-75.83,64.0,82,20,8.05,few clouds
519,Santa Cruz,BO,-17.8,-63.17,80.6,65,60,6.93,broken clouds
520,Kuusamo,FI,65.97,29.18,24.8,85,90,8.05,overcast clouds
521,Hvolsvollur,IS,63.75,-20.22,39.99,84,83,8.99,broken clouds
522,Zhuhai,CN,22.28,113.57,73.4,56,20,16.11,few clouds
523,Houma,US,29.6,-90.72,72.0,100,1,1.61,clear sky
524,Esna,EG,25.29,32.55,69.8,43,0,3.36,clear sky
525,Sokolka,PL,53.41,23.5,54.0,100,100,4.21,light rain
526,Vuktyl,RU,63.86,57.31,22.32,92,100,10.04,overcast clouds
527,Sheksna,RU,59.21,38.51,44.71,79,91,15.17,overcast clouds
528,Ranong,TH,9.97,98.63,80.6,94,75,3.36,broken clouds
529,Pascagoula,US,30.37,-88.56,75.2,94,1,3.36,clear sky
530,Badvel,IN,14.75,79.05,82.29,72,0,4.27,clear sky
531,Iskateley,RU,67.68,53.15,20.82,93,93,12.68,overcast clouds
532,Balabac,PH,7.99,117.06,82.96,78,100,10.09,overcast clouds
533,Tahoua,NE,14.89,5.27,80.64,16,0,11.74,clear sky
534,Antalaha,MG,-14.9,50.28,70.88,81,1,6.51,clear sky
535,Arlit,NE,18.74,7.39,78.22,16,0,12.21,clear sky
536,Diffa,NE,13.32,12.61,79.74,32,23,10.51,few clouds
537,Puerto Penasco,MX,31.32,-113.53,75.0,73,99,3.0,overcast clouds
538,Nueva Loja,EC,0.08,-76.88,73.11,83,100,3.24,overcast clouds
539,Front Royal,US,38.92,-78.19,64.99,82,1,4.18,clear sky
540,Batemans Bay,AU,-35.72,150.18,66.0,88,100,5.01,light rain
541,Puerto Quijarro,BO,-17.78,-57.77,73.63,94,100,3.8,light rain
542,Dormidontovka,RU,47.77,134.91,32.79,99,100,11.9,snow
543,Belokurikha,RU,52.0,84.99,32.59,92,100,8.55,overcast clouds
544,Villa Carlos Paz,AR,-31.42,-64.5,69.01,99,98,0.72,light rain
545,Kazachinskoye,RU,57.7,93.28,33.73,87,1,6.8,clear sky
546,Pahrump,US,36.21,-115.98,64.99,26,79,1.01,broken clouds
547,Novoanninskiy,RU,50.53,42.67,55.99,72,100,3.0,overcast clouds
548,Kiama,AU,-34.68,150.87,77.0,68,100,4.0,moderate rain
549,Ibra,OM,22.69,58.53,72.99,19,0,7.47,clear sky
550,Shahrud,IR,36.42,54.98,47.21,58,0,2.77,clear sky
551,Itarema,BR,-2.92,-39.92,79.14,82,11,15.88,few clouds
552,Seydi,TM,39.48,62.91,46.6,52,56,7.11,broken clouds
553,Clarence Town,AU,-32.58,151.78,73.99,88,40,9.17,light intensity shower rain
554,Dunedin,NZ,-45.87,170.5,68.0,56,33,4.0,scattered clouds
555,Asyut,EG,27.18,31.18,69.8,52,0,10.29,clear sky
556,Kandrian,PG,-6.22,149.55,84.78,73,94,4.52,moderate rain
557,Bilma,NE,18.69,12.92,73.54,23,0,16.62,clear sky
558,Kismayo,SO,-0.36,42.55,79.77,82,28,15.46,scattered clouds
559,Grand-Santi,GF,4.25,-54.38,72.81,96,26,2.21,scattered clouds
560,Guebwiller,FR,47.92,7.2,55.0,93,0,4.7,clear sky
561,Raudeberg,NO,61.99,5.14,45.0,77,100,16.64,overcast clouds
562,Laguna,US,38.42,-121.42,68.0,52,1,8.05,clear sky
563,Lipari,IT,38.47,14.95,64.99,59,63,5.01,broken clouds
564,Sangmelima,CM,2.93,11.98,66.78,99,100,1.9,light rain
565,Udachnyy,RU,66.42,112.4,15.8,66,0,13.42,clear sky
566,Jaisalmer,IN,26.91,70.92,80.22,16,0,9.4,clear sky
567,Viani,CO,4.87,-74.56,55.4,82,75,4.7,broken clouds
568,Dumas,US,35.87,-101.97,36.0,64,1,6.55,clear sky
569,Datong,CN,40.09,113.29,50.02,38,0,3.42,clear sky
570,Paita,PE,-5.09,-81.11,63.27,83,100,9.31,overcast clouds
571,Batagay,RU,67.63,134.63,20.88,90,92,5.84,overcast clouds
572,Thyboron,DK,56.7,8.21,50.0,95,67,18.66,broken clouds
573,Ascope,PE,-7.71,-79.11,65.26,73,93,1.25,overcast clouds
574,Manavalakurichi,IN,8.13,77.3,82.4,74,20,13.47,haze
575,Sompeta,IN,18.93,84.6,82.81,64,7,2.98,clear sky
576,Varadero,CU,23.15,-81.25,77.0,100,100,4.7,overcast clouds
577,Atasu,KZ,48.68,71.64,25.75,90,7,6.17,clear sky
578,Atar,MR,20.52,-13.05,82.94,30,99,10.54,overcast clouds
579,Half Moon Bay,US,37.46,-122.43,61.0,93,75,4.47,mist
580,Kampene,CD,-3.6,26.67,66.81,95,100,1.32,overcast clouds
581,Manokwari,ID,-0.87,134.08,84.18,73,17,13.0,few clouds
582,Arkul,RU,57.28,50.04,38.98,97,100,4.43,moderate rain
583,Surt,LY,31.21,16.59,66.45,66,0,3.51,clear sky
584,Hazorasp,UZ,41.32,61.07,48.2,66,0,4.7,clear sky
585,Lososina,RU,49.0,140.31,41.85,88,100,10.85,light rain
586,Aquiraz,BR,-3.9,-38.39,80.6,83,40,13.87,scattered clouds
587,Kargat,RU,55.2,80.28,28.38,96,100,9.24,overcast clouds
588,Shimoda,JP,34.67,138.95,69.8,43,20,11.41,few clouds
589,Novopokrovka,UA,49.84,36.55,53.6,71,0,2.24,light rain
590,Yenagoa,NG,4.92,6.26,74.75,94,94,2.64,overcast clouds
591,Owando,CG,-0.48,15.9,70.72,99,100,2.77,light rain
592,Yancheng,CN,33.39,120.13,61.95,35,0,5.46,clear sky
593,Yar-Sale,RU,66.83,70.83,21.07,96,100,7.52,overcast clouds
594,Mata De Sao Joao,BR,-12.53,-38.3,78.8,78,20,10.29,few clouds
595,Almeirim,BR,-1.52,-52.58,81.41,62,6,6.62,clear sky
596,Hun,LY,29.13,15.95,56.39,79,0,4.97,clear sky
597,Harnosand,SE,62.63,17.94,32.0,100,22,1.12,few clouds
598,Pisco,PE,-13.7,-76.22,62.6,82,0,13.87,clear sky
599,Conceicao Da Barra,BR,-18.59,-39.73,72.36,90,69,7.92,light rain
600,Iquitos,PE,-3.75,-73.25,71.6,94,40,1.25,light rain
601,Bloomington,US,44.84,-93.3,32.0,96,90,12.75,overcast clouds
602,Ucluelet,CA,48.93,-125.55,48.0,91,93,5.68,overcast clouds
603,Primorsk,UA,46.73,36.34,61.83,81,100,10.04,overcast clouds
604,Carroll,US,39.55,-77.02,62.01,92,0,7.63,clear sky
605,Kihei,US,20.79,-156.47,87.8,55,40,8.05,scattered clouds
606,Ixtapa,MX,20.7,-105.2,86.0,74,20,3.36,few clouds
607,Roma,US,43.21,-75.46,66.2,68,1,5.82,clear sky
608,Gopalur,IN,16.62,77.8,78.94,69,0,2.68,clear sky
609,Mehamn,NO,71.04,27.85,36.57,92,100,24.83,light rain
610,Shemonaikha,KZ,50.63,81.91,32.81,87,67,10.6,broken clouds
611,Severomuysk,RU,56.15,113.43,28.6,87,64,1.28,broken clouds
612,Kodinsk,RU,58.69,99.18,35.98,83,91,7.14,overcast clouds
613,Perpignan,FR,42.75,2.75,57.99,71,0,3.36,clear sky
614,Palauig,PH,15.44,119.9,84.6,71,100,6.26,light rain
615,Mwinilunga,ZM,-11.74,24.43,62.96,69,77,3.6,broken clouds
616,Neftekamsk,RU,56.09,54.27,38.1,97,100,10.02,moderate rain
617,Putina,PE,-15.47,-69.43,46.49,75,4,4.38,clear sky
618,Necochea,AR,-38.55,-58.74,52.0,92,4,5.01,clear sky
619,Tay Ninh,VN,11.3,106.1,83.44,69,100,3.31,overcast clouds
620,Grand Gaube,MU,-20.01,57.66,72.0,71,66,1.99,broken clouds
621,Ozinki,RU,51.18,49.68,51.31,93,100,14.05,light rain
622,Kalabo,ZM,-14.97,22.68,66.7,31,0,4.27,clear sky
623,Khorixas,NA,-20.37,14.97,62.98,61,53,3.0,broken clouds
624,Saint-Louis,SN,16.33,-15.0,88.36,16,0,9.98,clear sky
625,Murwara,IN,23.85,80.4,76.14,51,0,3.65,clear sky
626,Caninde,BR,-4.36,-39.31,76.53,79,57,2.95,broken clouds
627,Sao Felix Do Xingu,BR,-6.64,-51.99,73.54,93,100,1.9,heavy intensity rain
628,Natal,BR,-5.79,-35.21,77.0,94,75,4.7,broken clouds
629,Kwakoa,TZ,-3.77,37.72,66.06,84,34,1.9,scattered clouds
630,Constitucion,CL,-35.33,-72.42,49.95,78,0,8.03,clear sky
631,Axim,GH,4.87,-2.24,76.6,89,64,4.74,light rain
632,Kondoa,TZ,-4.9,35.78,58.75,93,46,4.34,scattered clouds
633,Borba,BR,-4.39,-59.59,75.87,94,84,2.13,broken clouds
634,Leopoldov,SK,48.45,17.76,50.0,93,99,1.12,fog
635,Unai,BR,-16.36,-46.91,69.62,89,99,2.73,moderate rain
636,Balikpapan,ID,-1.27,116.83,86.0,79,20,4.7,few clouds
637,Aguas Vermelhas,BR,-15.75,-41.46,63.52,94,55,3.36,broken clouds
638,Namatanai,PG,-3.67,152.43,86.36,60,25,3.71,scattered clouds
639,Abu Samrah,SY,35.3,37.18,64.4,29,0,5.48,clear sky
640,Aykhal,RU,66.0,111.5,15.8,66,0,13.42,clear sky
641,Kalemie,CD,-5.95,29.19,71.35,80,79,5.5,broken clouds
642,Saint-Joseph,RE,-21.37,55.62,73.4,73,40,8.05,scattered clouds
643,Canon City,US,38.44,-105.24,32.0,92,90,4.32,overcast clouds
644,Kahului,US,20.89,-156.47,87.8,55,40,8.05,scattered clouds
645,Myatlevo,RU,54.9,35.68,48.99,93,18,6.71,few clouds
646,Gondanglegi,ID,-7.75,112.01,89.38,54,1,7.27,clear sky
647,Bubaque,GW,11.28,-15.83,83.62,74,78,7.11,broken clouds
648,Kirakira,SB,-10.45,161.92,84.2,76,83,7.09,moderate rain
649,Bukoba,TZ,-1.33,31.81,64.04,86,43,4.94,scattered clouds
650,La Ceiba,HN,15.76,-86.78,79.74,77,100,3.67,overcast clouds
651,Yumen,CN,40.28,97.2,51.08,36,0,4.99,clear sky
652,Alugan,PH,12.22,125.48,84.83,77,98,4.09,overcast clouds
653,Guane,CU,22.2,-84.09,77.09,91,96,6.24,overcast clouds
654,Hammerfest,NO,70.66,23.68,35.6,93,75,33.33,broken clouds
655,Jinchang,CN,38.5,102.17,52.9,37,0,5.39,clear sky
656,Tual,ID,-5.67,132.75,82.62,78,11,9.13,light rain
657,Kavaratti,IN,10.57,72.64,80.56,77,90,11.95,overcast clouds
658,Chulakivka,UA,46.36,32.35,57.2,100,90,4.94,fog
659,Maryville,US,35.76,-83.97,69.8,77,75,3.36,broken clouds
660,Katsuura,JP,35.13,140.3,68.0,45,40,12.75,scattered clouds
661,Quelimane,MZ,-17.88,36.89,66.09,97,5,2.66,clear sky
662,Kushima,JP,31.46,131.23,66.2,48,40,18.34,scattered clouds
663,Civitavecchia,IT,42.09,11.8,59.0,98,94,1.01,light rain
664,Cessnock,AU,-32.83,151.35,73.99,94,100,7.16,moderate rain
665,Rio Gallegos,AR,-51.62,-69.22,44.6,75,0,6.93,clear sky
666,Zvishavane,ZW,-20.33,30.07,64.0,69,0,3.06,clear sky
667,Salta,AR,-24.79,-65.41,73.4,64,40,6.93,scattered clouds
668,Roald,NO,62.58,6.13,42.8,60,100,13.87,light rain
669,Belyy Yar,RU,53.6,91.39,35.6,93,40,3.24,light intensity shower rain
670,Dunkirk,FR,51.05,2.37,53.01,93,78,12.66,broken clouds
671,Panaba,MX,21.28,-88.27,77.09,93,100,6.33,overcast clouds
672,Morant Bay,JM,17.88,-76.41,75.2,94,90,5.82,overcast clouds
